[{"title": "The Albany register. [volume]", "start_year": "1868", "issues": 489}, {"title": "Ashland daily tidings. [volume]", "start_year": "1919", "issues": 5}, {"title": "Ashland tidings. [volume]", "start_year": "1876", "issues": 737}, {"title": "Ashland weekly tidings. [volume]", "start_year": "1919", "issues": 170}, {"title": "The Athena press. [volume]", "start_year": "18??", "issues": 1147}, {"title": "The Benton democrat. [volume]", "start_year": "1871", "issues": 11}, {"title": "Capital journal.", "start_year": "1893", "issues": 771}, {"title": "Capital journal.", "start_year": "1919", "issues": 994}, {"title": "Condon globe.", "start_year": "189?", "issues": 988}, {"title": "Corvallis daily gazette. [volume]", "start_year": "1909", "issues": 43}, {"title": "Corvallis gazette. [volume]", "start_year": "1900", "issues": 974}, {"title": "The Corvallis gazette. [volume]", "start_year": "1862", "issues": 900}, {"title": "The Corvallis times.", "start_year": "1888", "issues": 610}, {"title": "The Daily Astorian. [volume]", "start_year": "1876", "issues": 1107}, {"title": "Daily capital journal.", "start_year": "1903", "issues": 4967}, {"title": "Daily capital journal.", "start_year": "1896", "issues": 1086}, {"title": "The daily gazette-times.", "start_year": "1909", "issues": 88}, {"title": "The daily journal.", "start_year": "1899", "issues": 1357}, {"title": "The daily morning Astorian. [volume]", "start_year": "1883", "issues": 3921}, {"title": "The daily mountaineer.", "start_year": "1861", "issues": 171}, {"title": "The Dalles daily chronicle. [volume]", "start_year": "1890", "issues": 2091}, {"title": "The Dalles times-mountaineer. [volume]", "start_year": "1882", "issues": 483}, {"title": "The Dalles weekly chronicle.", "start_year": "1890", "issues": 519}, {"title": "The Douglas independent. [volume]", "start_year": "187?", "issues": 207}, {"title": "East Oregonian : E.O.", "start_year": "1888", "issues": 5784}, {"title": "The Echo register.", "start_year": "190?", "issues": 19}, {"title": "Enterprise news-record. [volume]", "start_year": "1910", "issues": 44}, {"title": "Evening capital journal.", "start_year": "1888", "issues": 1616}, {"title": "The evening herald.", "start_year": "1906", "issues": 4018}, {"title": "The gazette-times. [volume]", "start_year": "1912", "issues": 529}, {"title": "The gazette-times. [volume]", "start_year": "1909", "issues": 1}, {"title": "Grants Pass daily courier.", "start_year": "1919", "issues": 254}, {"title": "Heppner gazette. [volume]", "start_year": "1892", "issues": 535}, {"title": "The Hood River glacier.", "start_year": "1889", "issues": 1636}, {"title": "The Hood River sun. [volume]", "start_year": "1899", "issues": 11}, {"title": "Junction City bulletin. [volume]", "start_year": "189?", "issues": 27}, {"title": "The Lebanon express.", "start_year": "1887", "issues": 453}, {"title": "Liberal Republican. [volume]", "start_year": "1872", "issues": 67}, {"title": "Lincoln County leader. [volume]", "start_year": "1893", "issues": 1420}, {"title": "The morning Astorian. [volume]", "start_year": "1899", "issues": 3076}, {"title": "The new Northwest. [volume]", "start_year": "1871", "issues": 398}, {"title": "The news=record. [volume]", "start_year": "1907", "issues": 266}, {"title": "The Ontario Argus.", "start_year": "1???", "issues": 563}, {"title": "The Oregon mist.", "start_year": "188?", "issues": 939}, {"title": "Oregon Republican. [volume]", "start_year": "1870", "issues": 107}, {"title": "Oregon union. [volume]", "start_year": "1897", "issues": 18}, {"title": "The Oregon union.", "start_year": "1862", "issues": 1}, {"title": "Polk County observer.", "start_year": "1888", "issues": 1051}, {"title": "Rogue River courier.", "start_year": "1886", "issues": 692}, {"title": "Rogue River courier.", "start_year": "19??", "issues": 997}, {"title": "Roseburg review. [volume]", "start_year": "1885", "issues": 135}, {"title": "Spray courier.", "start_year": "1???", "issues": 79}, {"title": "St. Helens mist.", "start_year": "1913", "issues": 351}, {"title": "St. Johns review.", "start_year": "1904", "issues": 844}, {"title": "The state rights democrat. [volume]", "start_year": "1865", "issues": 1638}, {"title": "The Sumpter miner. [volume]", "start_year": "1899", "issues": 256}, {"title": "The times-herald. [volume]", "start_year": "1896", "issues": 683}, {"title": "Toveritar.", "start_year": "19??", "issues": 359}, {"title": "Tri-weekly Astorian. [volume]", "start_year": "1873", "issues": 85}, {"title": "Union gazette. [volume]", "start_year": "1899", "issues": 39}, {"title": "Uusi kotimaa. [volume]", "start_year": "188?", "issues": 438}, {"title": "The Voice of the people. [volume]", "start_year": "1913", "issues": 71}, {"title": "Wallowa chieftain. [volume]", "start_year": "1884", "issues": 49}, {"title": "Wallowa County chieftain. [volume]", "start_year": "1909", "issues": 101}, {"title": "The Weston leader. [volume]", "start_year": "189?", "issues": 337}, {"title": "Weston weekly leader. [volume]", "start_year": "1878", "issues": 51}]